Content,Sentiment,User name,Theme
"#Máy lọc nước A.O.Smith hiện đang có bán tại TT Điện Máy Vinpro trong khu TTTM Vincom 910A- Ngô Quyền -Quận Sơn Trà -Đà Nẵng.
☎️Liên hệ Ms Vân 0⃣9⃣0⃣5⃣8⃣0⃣2⃣8⃣8⃣7⃣để được tư vấn thêm hoặc quý khách có nhu cầu hãy để lại sđt , nhân viên của hãng sẽ liên hệ với quý khách trong thời gian gần nhất.
###TÍCH THẺ #% và được tặng 1 dù cao cấp trị giá 250k từ ngày 18/3 đến 15/4/2017 khi mua bất kì sp của máy lọc nước A.O .Smith tại Vinpro .

http://aosmith.com.vn/may-loc-nuoc/.",Neutral,Van Dang,marketing/pr
"đôi khi tình yêu vẫn thế, yêu nhau chỉ vì yêu nhau",Neutral,Tạ Đăng Đức,khác
Lan Bướng 's Bỉnh's yêu nhau chỉ vì yêu nhau,Neutral,Tạ Đăng Đức,khác
có phải một chiếc CD hok ạ <3 <3 <3 <3,Neutral,Nguyễn Thư,khác
Những mùa đông yêu dấu - Danh ca Thu Phương,Neutral,Phượng- Jessica,khác
MV YÊU THÍCH NHẤT - NHỮNG MÙA ĐÔNG YÊU DẤU - THU PHƯƠNG,Neutral,Phượng- Jessica,khác
Mv được yêu mến nhất tháng ba❤️,Neutral,Phuong-Anh Pham,khác
# Thu Phuong - Những mùa đông yêu dấu,Neutral,Linh Phương,khác
Những mùa đông yêu dấu-danh ca Thu Phương❤️,Neutral,Phuong-Anh Pham,khác
Những mùa đông yêu dấu - Thu Phương,Neutral,Quỳnh Mai,khác
Mới chỉ là tiết mục hé lộ món quà thôi # Tiết mục nhận quà lại  màn sau Ad nhỉ ❤️,Neutral,Phượng- Jessica,khác
"Vé gala mv yêu thích "" những mùa đông yêu dấu "" #❤️",Neutral,Phượng- Jessica,khác
Vé mời gì đó ạ??? E thấy chữ danh ca###,Neutral,Phuong-Anh Pham,khác
Gửi bạn bảng giá lõi. Cần tư vấn bạn vui lòng để lại số điện thoại hoặc gọi cho chúng tôi theo số 1800-1228. Cám ơn bạn.,Neutral,A.O.Smith Việt Nam,trả lời giá
Minh muon thay loi loc so 1-2-3 may RO AR75 A S 1E thi het bao nhieu tien?,Positive,Jul LE,báo giá
đúng ạ. Danh hiệu là điều ko qt. qt là sức lan tỏa tình yêu <3,Positive,Quoc-Huy Tran,khác
Rất thích giọng hát của Yến Lê trong bài này <3,Positive,Vũ Kiều Mai,khác
Yêu nhau chỉ vì yêu nhau <3,Neutral,Nguyễn Quốc Việt,khác
"Mình thấy bản phối này nghe rất hay, vẫn giữ được ý tưởng của tác giả và mang hơi thở hiện đại (Y). Luôn ủng hộ MV Yêu Thích",Neutral,Nguyễn Quốc Việt,khác
"""Chuyện tình thảo nguyên"", ca khúc mới nhất trong chương trình MV Yêu Thích đang thu hút được sự quan tâm rất lớn nhờ những khung hình nên thơ và câu chuyện tình yêu lãng mạn trên /của miền thảo nguyên bát ngát.#

# Hãy cùng A.O.Smith Việt Nam thưởng thức những khung cảnh kì vĩ tuyệt vời trong ca khúc đáng yêu này bạn nhé.",Neutral,A.O.Smith Việt Nam,marketing/pr
"Dành cho những người thân yêu dòng nước tinh khiết từ máy lọc nước danh tiếng A.O.Smith là bạn đã cho gia đình mình sự chăm sóc hoàn hảo nhất.

# THƯƠNG HIỆU MỸ 140 NĂM KINH NGHIỆM: Tiên phong trong lĩnh vực lọc và xử lý nước tại Mỹ và nhiều quốc gia trên thế giới, A.O.Smith là thương hiệu máy lọc nước có chất lượng sản phẩm và dịch vụ đạt tiêu chuẩn quốc tế.

# CÔNG NGHỆ ƯU VIỆT: Công nghệ RO – Side Stream là phát minh được cấp bằng sáng chế của A.O.Smith - giúp giảm tới 56% lượng nước thải, tăng 66% lượng nước tinh khiết và kéo dài tuổi thọ lõi lọc tới 1.5 lần so với công nghệ RO thông thường.

#THIẾT KẾ TINH TẾ: Kiểu dáng nhỏ gọn, vỏ kín sang trọng, vòi nước tinh tế giúp chiếc máy lọc góp phần tô điểm thêm không gian căn bếp của mỗi gia đình.

----------
NẾU BẠN ĐANG TÌM MỘT NGUỒN NƯỚC TINH KHIẾT CHĂM SÓC GIA ĐÌNH, HÃY LIÊN HỆ NGAY VỚI CHÚNG TÔI:
☎ Tổng đài MIỄN PHÍ: 1800-1228
☎ Hotline: M.Bắc: 091 784 1228 - M.Trung/Nam: 093 467 1228.
☎ Website: www.aosmith.com.vn
HOẶC để lại số điện thoại/bình luận dưới đây, chúng tôi sẽ liên lạc ngay với bạn!",Neutral,A.O.Smith ĐÀ NẴNG,marketing/pr
"CẦN TUYỂN 2 NHÂN VIÊN BÁN HÀNG CHO MÁY LỌC NƯỚC A.O.SMITH tại: 
#TP.Hải Phòng: 2 bạn
#Tp.NInh bình: 2 bạn
#Hà Nội: 2 Bạn chính thức , 1 bạn thời vụ 6 tháng.
#Time làm việc: Ca xoay 8 tiếng ( tuần off 1 buổi).
#Chếđộ: > 4tr8 + doanh số. Trung Bình thu nhập: 6-8tr/tháng.
Đi làm lâu dài, có HDLD, BHXH, BHYT,... và các chế độ thưởng khác.
#Yêucầu: Nam nữ , từ 22 - 29 tuổi. Nam 1m68 trở lên , nữ 1m58.
- Nhanh nhẹn hoạt bát , có kỹ năng bán hàng , giao tiếp nhanh nhẹn.
- Ưu tiên có kinh nghiệm điện máy.
==========================================.
#Đăng ký:
Gửi thông tin về email:
hoangthithuhien.spiral@gmail.com
Tiêu đề: PG Aosmith - Khu vực - Họ và Tên.
1. Họ và Tên.
2. SDT
3. Năm Sinh.
4. Chiều cao - cân nặng.
5. Nơi ở
6.Kinh nghiệm
7. Hình ảnh (1 rõ mặt, 1 toàn thân)",Neutral,Hoàng Thị Thu Hiền,Tuyển dụng
"CẦN TUYỂN 2 NHÂN VIÊN BÁN HÀNG CHO MÁY LỌC NƯỚC A.O.SMITH tại: 
#TP.Hải Phòng: 2 bạn
#Tp.NInh bình: 2 bạn
#Hà Nội: 2 Bạn chính thức , 1 bạn thời vụ 6 tháng.
#Time làm việc: Ca xoay 8 tiếng ( tuần off 1 buổi).
#Chếđộ: > 4tr8 + doanh số. Trung Bình thu nhập: 6-8tr/tháng.
Đi làm lâu dài, có HDLD, BHXH, BHYT,... và các chế độ thưởng khác.
#Yêucầu: Nam nữ , từ 22 - 29 tuổi. Nam 1m68 trở lên , nữ 1m58.
- Nhanh nhẹn hoạt bát , có kỹ năng bán hàng , giao tiếp nhanh nhẹn.
- Ưu tiên có kinh nghiệm điện máy.
==========================================.
#Đăng ký:
Gửi thông tin về email:
hoangthithuhien.spiral@gmail.com
Tiêu đề: PG Aosmith - Khu vực - Họ và Tên.
1. Họ và Tên.
2. SDT
3. Năm Sinh.
4. Chiều cao - cân nặng.
5. Nơi ở
6.Kinh nghiệm
7. Hình ảnh (1 rõ mặt, 1 toàn thân)",Neutral,Hoàng Thị Thu Hiền,Tuyển dụng
"Dành cho những người thân yêu dòng nước tinh khiết từ máy lọc nước danh tiếng A.O.Smith là bạn đã cho gia đình mình sự chăm sóc hoàn hảo nhất.
# THƯƠNG HIỆU MỸ 140 NĂM KINH NGHIỆM: Tiên phong trong lĩnh vực lọc và xử lý nước tại Mỹ và nhiều quốc gia trên thế giới, A.O.Smith là thương hiệu máy lọc nước có chất lượng sản phẩm và dịch vụ đạt tiêu chuẩn quốc tế.
# CÔNG NGHỆ ƯU VIỆT: Công nghệ RO – Side Stream là phát minh được cấp bằng sáng chế của A.O.Smith - giúp giảm tới 56% lượng nước thải, tăng 66% lượng nước tinh khiết và kéo dài tuổi thọ lõi lọc tới 1.5 lần so với công nghệ RO thông thường.
#THIẾT KẾ TINH TẾ: Kiểu dáng nhỏ gọn, vỏ kín sang trọng, vòi nước tinh tế giúp chiếc máy lọc góp phần tô điểm thêm không gian căn bếp của mỗi gia đình.
----------
NẾU BẠN ĐANG TÌM MỘT NGUỒN NƯỚC TINH KHIẾT CHĂM SÓC GIA ĐÌNH, HÃY LIÊN HỆ NGAY VỚI CHÚNG TÔI:
☎ Hotline:043.999.1456/0911.836.894
☎ Website: maylocnuocmy.com.vn
HOẶC để lại số điện thoại/bình luận dưới đây, chúng tôi sẽ liên lạc ngay với bạn!",Neutral,Showroom Máy Lọc Nước A.O.Smith 204 Trung Kính,marketing/pr
"Dành cho những người thân yêu dòng nước tinh khiết từ máy lọc nước danh tiếng A.O.Smith là bạn đã cho gia đình mình sự chăm sóc hoàn hảo nhất.

# THƯƠNG HIỆU MỸ 140 NĂM KINH NGHIỆM: Tiên phong trong lĩnh vực lọc và xử lý nước tại Mỹ và nhiều quốc gia trên thế giới, A.O.Smith là thương hiệu máy lọc nước có chất lượng sản phẩm và dịch vụ đạt tiêu chuẩn quốc tế.

# CÔNG NGHỆ ƯU VIỆT: Công nghệ RO – Side Stream là phát minh được cấp bằng sáng chế của A.O.Smith - giúp giảm tới 56% lượng nước thải, tăng 66% lượng nước tinh khiết và kéo dài tuổi thọ lõi lọc tới 1.5 lần so với công nghệ RO thông thường.

#THIẾT KẾ TINH TẾ: Kiểu dáng nhỏ gọn, vỏ kín sang trọng, vòi nước tinh tế giúp chiếc máy lọc góp phần tô điểm thêm không gian căn bếp của mỗi gia đình.

----------
NẾU BẠN ĐANG TÌM MỘT NGUỒN NƯỚC TINH KHIẾT CHĂM SÓC GIA ĐÌNH, HÃY LIÊN HỆ NGAY VỚI CHÚNG TÔI:
☎ Tổng đài MIỄN PHÍ: 1800-1228
☎ Hotline: M.Bắc: 091 784 1228 - M.Trung/Nam: 093 467 1228.
☎ Website: www.aosmith.com.vn
HOẶC để lại số điện thoại/bình luận dưới đây, chúng tôi sẽ liên lạc ngay với bạn!",Neutral,A.O.Smith Việt Nam,marketing/pr
"Nhiều khách hàng cứ phân vân không biết Undersink thì phải để dưới chậu rửa trong tủ bếp hay để trên bàn bếp?
Xin trả lời: Với thiết kế nhỏ gọn, đẹp, lịch sự của Model máy lọc nước Undersink của A.O.Smith thì rất dễ bố trí trong căn bếp nhà bạn, miễn là tiện nguồn nước, điện và ống dẫn nước thải.

Khách hàng này có kiểu đặt máy Undersink hết sức ""bá đạo"", rất rất độc, nhưng vẫn rất cute + kool",Neutral,Máy lọc nước Mỹ nhập khẩu A.O.Smith,marketing/pr
Bo nay bao gia dum la bao nhieu k,Positive,Tuyền Ngọc Trịnh,báo giá
"# NƯỚC TINH KHIẾT GIÚP BẠN GIỮ DÁNG NHƯ THẾ NÀO? #

Nước tinh khiết không chỉ có tác dụng thanh lọc cơ thể, đào thải các độc tố,mà còn rất hiệu quả trong việc giữ dáng, giảm cân. Hãy cùng A.O.Smith Việt Nam tìm hiểu lợi ích của nước với việc giữ dáng của cơ thể bạn nhé:

# UỐNG NƯỚC TRƯỚC KHI ĂN: Đôi khi khát nước lại bị nhầm lẫn với đói. Nước cần thiết để cho các tế bào sử dụng các chất dinh dưỡng trong thực phẩm mà chúng ta ăn, khi thiếu lượng dinh dưỡng chính là nguyên nhân khiến cơ thể thèm ăn hơn. Do đó, uống nước trước bữa ăn khoảng 1 tiếng giúp chúng ta cảm thấy no hơn và kiểm soát sự thèm ăn. 

# NƯỚC LÀM SĂN CHẮC CƠ BẮP: Nếu các cơ của bạn bị mất nước, các cơ bắp của bạn sẽ dễ bị chảy sệ và nhão, do đó để có một cơ bắp rắn chắc ngoài việc tập luyện thể thao ra, các bạn phải bổ sung thật nhiều nước để đáp ứng đủ lượng nước trong cơ thể.

# UỐNG NƯỚC ĐỦ GIÚP CƠ THỂ KHÔNG BỊ Ứ NƯỚC: Nếu bạn lơ là trong việc cung cấp đủ lượng nước trong cơ thể, cơ thể bạn sẽ tự động tích trữ nước để bù vào lượng thiếu. Điều này chính là một trong những nguyên nhân chủ yếu khiến bạn bị tăng thêm vài kg.

# HỖ TRỢ GAN CHUYỂN HÓA CHẤT BÉO. Điều này rất quan trọng nếu bạn muốn giảm cân vì gan có tác dụng chuyển hóa chất béo. Để thực hiện điều này, gan cần một lượng nước lớn. Không uống đủ nước, gan sẽ tích trữ chất béo lại làm bạn rất khó giảm cân.

Hãy nhớ luôn uống NƯỚC TINH KHIẾT để đảm bảo an toàn, đồng thời không nên uống quá gần bữa ăn, vì nước sẽ làm loãng dịch vị tiêu hóa, khiến bạn ăn không ngon miệng.

--------------------

NẾU BẠN ĐANG TÌM MỘT NGUỒN NƯỚC TINH KHIẾT CHĂM SÓC GIA ĐÌNH, HÃY LIÊN HỆ NGAY VỚI CHÚNG TÔI:
Showroom A.O.Smith Hải Phòng:
Số 600 Đường Thiên Lôi - Hải Phòng
☎  ĐT: 0313 870 931 / Hotline: 0977 170 470/ 0988 653 388
Để lại số điện thoại hoặc bình luận ở đây, chúng tôi sẽ liên lạc ngay với bạn!  #",Neutral,A.O.Smith Hải Phòng,marketing/pr
0939192194,Positive,Huỳnh Phúc Tuyên,báo giá
"Bạn vui lòng liên hệ các số Hotline của chúng tôi hoặc để lại số điện thoại chúng tôi sẽ liên hệ lại:
☎ Tổng đài MIỄN PHÍ: 1800-1228
☎ Miền Bắc: 091 784 1228
☎ Miền Trung/ Nam: 093 467 1228",Neutral,A.O.Smith Việt Nam,khác
"Add ơi, nếu thay toàn bộ lọc của máy này tổng thiệt hại hết bao nhiu tiền VND?",Positive,Nguyễn Đình Nghĩa,báo giá
"# NƯỚC TINH KHIẾT GIÚP BẠN GIỮ DÁNG NHƯ THẾ NÀO? #

Nước tinh khiết không chỉ có tác dụng thanh lọc cơ thể, đào thải các độc tố,mà còn rất hiệu quả trong việc giữ dáng, giảm cân. Hãy cùng A.O.Smith Việt Nam tìm hiểu lợi ích của nước với việc giữ dáng của cơ thể bạn nhé:

# UỐNG NƯỚC TRƯỚC KHI ĂN: Đôi khi khát nước lại bị nhầm lẫn với đói. Nước cần thiết để cho các tế bào sử dụng các chất dinh dưỡng trong thực phẩm mà chúng ta ăn, khi thiếu lượng dinh dưỡng chính là nguyên nhân khiến cơ thể thèm ăn hơn. Do đó, uống nước trước bữa ăn khoảng 1 tiếng giúp chúng ta cảm thấy no hơn và kiểm soát sự thèm ăn. 

# NƯỚC LÀM SĂN CHẮC CƠ BẮP: Nếu các cơ của bạn bị mất nước, các cơ bắp của bạn sẽ dễ bị chảy sệ và nhão, do đó để có một cơ bắp rắn chắc ngoài việc tập luyện thể thao ra, các bạn phải bổ sung thật nhiều nước để đáp ứng đủ lượng nước trong cơ thể.

# UỐNG NƯỚC ĐỦ GIÚP CƠ THỂ KHÔNG BỊ Ứ NƯỚC: Nếu bạn lơ là trong việc cung cấp đủ lượng nước trong cơ thể, cơ thể bạn sẽ tự động tích trữ nước để bù vào lượng thiếu. Điều này chính là một trong những nguyên nhân chủ yếu khiến bạn bị tăng thêm vài kg.

# HỖ TRỢ GAN CHUYỂN HÓA CHẤT BÉO. Điều này rất quan trọng nếu bạn muốn giảm cân vì gan có tác dụng chuyển hóa chất béo. Để thực hiện điều này, gan cần một lượng nước lớn. Không uống đủ nước, gan sẽ tích trữ chất béo lại làm bạn rất khó giảm cân.

Hãy nhớ luôn uống NƯỚC TINH KHIẾT để đảm bảo an toàn, đồng thời không nên uống quá gần bữa ăn, vì nước sẽ làm loãng dịch vị tiêu hóa, khiến bạn ăn không ngon miệng.

--------------------

NẾU BẠN ĐANG TÌM MỘT NGUỒN NƯỚC TINH KHIẾT CHĂM SÓC GIA ĐÌNH, HÃY LIÊN HỆ NGAY VỚI CHÚNG TÔI:
☎ Tổng đài 0650 6545 999",Neutral,A.O.Smith Bình Dương,marketing/pr
"# NƯỚC TINH KHIẾT GIÚP BẠN GIỮ DÁNG NHƯ THẾ NÀO? #

Nước tinh khiết không chỉ có tác dụng thanh lọc cơ thể, đào thải các độc tố,mà còn rất hiệu quả trong việc giữ dáng, giảm cân. Hãy cùng A.O.Smith Việt Nam tìm hiểu lợi ích của nước với việc giữ dáng của cơ thể bạn nhé:

# UỐNG NƯỚC TRƯỚC KHI ĂN: Đôi khi khát nước lại bị nhầm lẫn với đói. Nước cần thiết để cho các tế bào sử dụng các chất dinh dưỡng trong thực phẩm mà chúng ta ăn, khi thiếu lượng dinh dưỡng chính là nguyên nhân khiến cơ thể thèm ăn hơn. Do đó, uống nước trước bữa ăn khoảng 1 tiếng giúp chúng ta cảm thấy no hơn và kiểm soát sự thèm ăn. 

# NƯỚC LÀM SĂN CHẮC CƠ BẮP: Nếu các cơ của bạn bị mất nước, các cơ bắp của bạn sẽ dễ bị chảy sệ và nhão, do đó để có một cơ bắp rắn chắc ngoài việc tập luyện thể thao ra, các bạn phải bổ sung thật nhiều nước để đáp ứng đủ lượng nước trong cơ thể.

# UỐNG NƯỚC ĐỦ GIÚP CƠ THỂ KHÔNG BỊ Ứ NƯỚC: Nếu bạn lơ là trong việc cung cấp đủ lượng nước trong cơ thể, cơ thể bạn sẽ tự động tích trữ nước để bù vào lượng thiếu. Điều này chính là một trong những nguyên nhân chủ yếu khiến bạn bị tăng thêm vài kg.

# HỖ TRỢ GAN CHUYỂN HÓA CHẤT BÉO. Điều này rất quan trọng nếu bạn muốn giảm cân vì gan có tác dụng chuyển hóa chất béo. Để thực hiện điều này, gan cần một lượng nước lớn. Không uống đủ nước, gan sẽ tích trữ chất béo lại làm bạn rất khó giảm cân.

Hãy nhớ luôn uống NƯỚC TINH KHIẾT để đảm bảo an toàn, đồng thời không nên uống quá gần bữa ăn, vì nước sẽ làm loãng dịch vị tiêu hóa, khiến bạn ăn không ngon miệng.

--------------------

NẾU BẠN ĐANG TÌM MỘT NGUỒN NƯỚC TINH KHIẾT CHĂM SÓC GIA ĐÌNH, HÃY LIÊN HỆ NGAY VỚI CHÚNG TÔI:
☎ Tổng đài 0650 6545 999",Neutral,Máy lọc nước A.O.Smith,marketing/pr
"# NƯỚC TINH KHIẾT GIÚP BẠN GIỮ DÁNG NHƯ THẾ NÀO? #
Nước tinh khiết không chỉ có tác dụng thanh lọc cơ thể, đào thải các độc tố,mà còn rất hiệu quả trong việc giữ dáng, giảm cân. Hãy cùng A.O.Smith Việt Nam tìm hiểu lợi ích của nước với việc giữ dáng của cơ thể bạn nhé:
# UỐNG NƯỚC TRƯỚC KHI ĂN: Đôi khi khát nước lại bị nhầm lẫn với đói. Nước cần thiết để cho các tế bào sử dụng các chất dinh dưỡng trong thực phẩm mà chúng ta ăn, khi thiếu lượng dinh dưỡng chính là nguyên nhân khiến cơ thể thèm ăn hơn. Do đó, uống nước trước bữa ăn khoảng 1 tiếng giúp chúng ta cảm thấy no hơn và kiểm soát sự thèm ăn.
# NƯỚC LÀM SĂN CHẮC CƠ BẮP: Nếu các cơ của bạn bị mất nước, các cơ bắp của bạn sẽ dễ bị chảy sệ và nhão, do đó để có một cơ bắp rắn chắc ngoài việc tập luyện thể thao ra, các bạn phải bổ sung thật nhiều nước để đáp ứng đủ lượng nước trong cơ thể.
# UỐNG NƯỚC ĐỦ GIÚP CƠ THỂ KHÔNG BỊ Ứ NƯỚC: Nếu bạn lơ là trong việc cung cấp đủ lượng nước trong cơ thể, cơ thể bạn sẽ tự động tích trữ nước để bù vào lượng thiếu. Điều này chính là một trong những nguyên nhân chủ yếu khiến bạn bị tăng thêm vài kg.
# HỖ TRỢ GAN CHUYỂN HÓA CHẤT BÉO. Điều này rất quan trọng nếu bạn muốn giảm cân vì gan có tác dụng chuyển hóa chất béo. Để thực hiện điều này, gan cần một lượng nước lớn. Không uống đủ nước, gan sẽ tích trữ chất béo lại làm bạn rất khó giảm cân.
Hãy nhớ luôn uống NƯỚC TINH KHIẾT để đảm bảo an toàn, đồng thời không nên uống quá gần bữa ăn, vì nước sẽ làm loãng dịch vị tiêu hóa, khiến bạn ăn không ngon miệng.
--------------------
NẾU BẠN ĐANG TÌM MỘT NGUỒN NƯỚC TINH KHIẾT CHĂM SÓC GIA ĐÌNH, HÃY LIÊN HỆ NGAY VỚI CHÚNG TÔI:
#SHOWROOM MÁY LỌC NƯỚC A.O.SMITH 204 TRUNG KÍNH.
# Mở cửa tất cả các ngày trong tuần từ 8h đến 21h
☎ Hotline: 043.999.1456 / 0911836894
☎ Website: www.maylocnuocmy.com.vn
HOẶC để lại số điện thoại/bình luận dưới đây, chúng tôi sẽ liên lạc ngay với bạn!",Neutral,Showroom Máy Lọc Nước A.O.Smith 204 Trung Kính,marketing/pr
"những bài hát của Thu Phương tất cả đều hay, đều có cảm xúc , có sự nhẹ nhàng thanh thoát . Nhưng để chọn 1 trong 2 bài này thì quả thực rất khó , nhưng rồi cuối cùng cũng phải chọn để lan rộng tiếng hát của Thu Phương và hơn thế nữa phải giành niềm tự hào cho TP vì luôn có FC.MNN ở bên cạnh .........Love You ######

    Hà Nội 12 Mùa Hoa 
  ------> Tuyệt Vời  #####❤",Positive,Ngọc Diễm,khác
Yêu lắm những sắc hoa tỏa ngát hương thơm bốn mùa Hà Nội . Ca sĩ Thu Phương đã vẽ lên bức tranh tuyệt đẹp với những sắc hoa ấy bằng giọng ca nồng nàn dâng tràn cảm xúc ... Rất đặc biệt Hà Nội 12 mùa hoa.,Positive,Trần Thục,khác
"Những Mùa Đông Yêu Dấu ❤️ đúng chuẩn tinh thần Chị Thu Phương "" Đứng trước khó khăn là phải biết vượt qua thử thách ""...Cú bứt phá đầy ngoạn mục...YÊU !  ""Còn lại trong tôi những mùa đông yêu dấu !""",Neutral,Phượng- Jessica,khác
"Những mùa đông yêu dấu với chút tiếc nuối, xưa cũ, hoài cổ được thể hiện bởi giọng ca trầm ấm truyền cảm của chị Thu Phương lại càng thêm khao khát, nhớ nhung về những kỷ niệm, ""những giấc mơ không thành"",""những hạnh phúc ngọt lành"" về 1 thời đã xa :) perfect! Thích cả 2 nhưng sẽ chọn bài này :))",Neutral,Thu-Ha Le,khác
"Tại sao lại là HN12 mùa Hoa, đó là một chất nhạc của một điệu romance lạ, romance rất riêng, đặc trưng hương vị, đầy nữ tính của GIáng Son, lại càng đặc biệt hơn khi được thể hiện qua giọng hát đầy cảm xúc, điêu luyện và nồng nàn bậc nhất là Diva Thu Phương, tất cả tạo nên một bức tranh đẹp tuyệt vời gửi tặng khán giả. HN12 mùa sẽ chiến thắng. Tôi tin vào cảm xúc trong âm nhạc <3",Neutral,Tuấn Trần,khác
"Phải làm sao khi ta phải nói ta yêu thích cả 2 đây <3 nếu như Hà Nội 12 mùa hoa dung dị, nhẹ nhàng thì Những mùa đông yêu dấu lại da diết như đâm xuyên qua tim <3 Bây giờ em biết làm sao? Tại sao lại khó thế này :(( - Thu Phương <3 <3 <3",Positive,Nguyễn Thư,khác
"CÔNG TY TNHH PHÁT TRIỂN THƯƠNG MẠI NHẬT TRANG Đ/C : Số 159-161- 163 Nguyễn Văn Linh, Phường Kênh Dương, Quận Lê Chân, TP.Hải Phòng MST : 0201640472 ĐT : 031.376.3412 - 0984.705.899 Mail : chungha2712@gmail.com Website : nhattrang.com Đại diện : Bà Chung Thị Thúy Hà – Giám đốc chia sẻ với cộng đồng về quan điểm sống !!! Ảnh Sự Kiện : Chị Chung Hà cùng anh My Tuyến - Giám Đốc MY TUYẾN HAIR SALON trong ngày Khai Trương Cơ Sở 2 tại số 129 Lê Lợi - Hải Phòng Tuấn Hưng Pv - Nhiếp Ảnh Sự Kiện Việt Nam : Ghi Hình Truyền Thông Sự Kiện Công ty TNHH phát triển thương mại Nhật Trang ra đời năm 2000, với khởi đầu là cửa hàng thiết bị vệ sinh Hà Dũng Mục đích: Mang lại những thiết bị vệ sinh tiện ích, những vật liệu trang trí nội thất…cho mỗi công trình xây dựng. Sứ mệnh: Cung cấp những sản phẩm tiện ích thực sự có chất lượng cho khách hàng, góp phần tạo cuộc sống hạnh phúc hơn cho mọi người. Vì thế mọi sản phẩm công ty cung cấp đều hướng đến những công nghệ thông minh, thiết kế hoàn hảo. Toàn bộ sản phẩm đều được chứng nhận bởi các tổ chức chứng nhận tiêu chuẩn hàng đầu quốc tế nên tuyệt đối an toàn với sức khỏe người tiêu dùng. Đặc biệt với chế độ cam kết bảo hành tốt nhất chúng tôi mang đến cho bạn sự yên tâm cùng cuộc sống an toàn, hiện đại và tiện nghi. Tầm nhìn: Trở thành một địa chỉ đỏ về ngành cung cấp thiết bị vệ sinh và trang trí nội thất. Với 16 năm hoạt động từ năm 2000 đến nay, công ty đã góp phần vào công cuộc hoàn thiện và đem đến sự hài lòng đến cho hàng ngàn công trình khách hàng trên địa bàn Hải Phòng. Là một trong những nhà phân phối gạch và thiết bị vệ sinh lớn của Hải Phòng, Công ty Nhật Trang tự hào là địa chỉ tin cậy cho mọi lựa chọn của khách hàng. Với đội ngũ nhân viên nhiệt huyết, năng động, nhiệt tình. Nhật Trang luôn đặt tiêu chí: Sự hài lòng của khách hàng là thành công của Công ty. Chính vì vậy Công ty luôn đặt khách hàng lên trên hết và luôn sẵn sang phục vụ khách hàng để khách hàng hài lòng nhất. Luôn đảm bảo cung cấp cho khách hàng các sản phẩm chính hãng với chất lượng tốt nhất. Lấy uy tín công ty để đảm bảo về chất lượng sản phẩm. Sẵn sàng đáp ứng mọi nhu cầu của khách hàng và luôn phục vụ khách hàng với thái độ tốt nhất. # CôngtyNhậtTrang sẽ tiếp tục phát triển và hoàn thiện để trở thành địa chỉ tin cậy cho người tiêu dùng trong ngành cung cấp thiết bị vệ sinh và trang trí nội thất.  Các mặt hàng thế mạnh của công ty: Sản phẩm chính: 1. Thiết bị nhà tắm đa dạng và phong phú như: - Bàn cầu - Chậu sứ - Sen tắm - Vòi chậu Công ty cung cấp thiết bị của nhiều hãng như: TOTO, Inax, Viglacera, American standard, ….. 2. Thiết bị nhà bếp đa dạng : - Chậu rửa bát của các hãng như: TOTO, Sơn Hà, Picenza,…. - Bếp ga - Bếp từ - Máy hút mùi - Máy sấy bát,….. Các sản phẩm đều có xuất xứ từ nhiều nước của các hãng nổi tiếng như: Catino, Lorca, Sevilla, Ferroli,…. 3. Cung cấp các sản phẩm nhà tắm như: - Bình nóng lạnh - Bồn tắm Các sản phẩm của các hãng : Lamboghini, Aiston, Ferroli,…. 4. Các sản phẩm năng lượng mặt trời 5. Các loại máy lọc nước thông minh của nhiều hãng nổi tiếng như: Aosmith, Karofi, Sejin Aqua,…. 6. Cung cấp hệ thống gạch ốp lát với đa dạng về kích thước và mẫu mã của nhiều hãng như: - Đồng tâm - Taicera - Tasa - Viglacera - Các dòng gạch Trung Quốc cao cấp….. 7. Các hệ thống tranh 3D phòng khách, nhà tắm,…. -\-\-\-\-\-\-\-\-\-\-\-\-\-\-\-\-\-\-\-\-\-\-\-\-\-\-\-\-\-\-\-\-\-\-\-\-\-\-\-\-\-\-\-\-\-\-\-\-\-\-\-\-\-\-\-\-\-\-\-\-\-\-\-\-\-\-\-\-\-\-\-\-\-\-\-\- CÔNG TY TNHH PHÁT TRIỂN THƯƠNG MẠI NHẬT TRANG Đ/C : Số 159-161- 163 Nguyễn Văn Linh, Phường Kênh Dương, Quận Lê Chân, TP.Hải Phòng MST : 0201640472 ĐT : 031.376.3412 - 0984.705.899 Mail : chungha2712@gmail.com Website : nhattrang.com Đại diện : Bà Chung Thị Thúy Hà – Giám đốc",Neutral,Tuấn Hưng Pv,khác
Nồng nàn sắc hoa Hà Nội ....yêu lắm.... yêu chị nhiều hơn nữa....###,Positive,Vũ Thủy,khác
Hà nội 12 mùa hoa. Yêu chị lắm.,Positive,Vũ Hương,khác
Thả LIKE để lần đầu tiên trong lịch sử MV YÊU THÍCH có chung kết 2MV cùng 1 ca sĩ và lần đầu tiên ĐỒNG VÔ ĐỊCH ###,Neutral,Lam Ray,khác
"Đêm nay sẽ chẳng có #NhữngMùaĐôngYêuDấu thắng hay #HàNội12MùaHoa nhất mà chẳng biết có bao nhiêu Like,  thả ❤️ bao nhiêu cho đủ ... Chỉ biết rằng triệu ❤️ này đã thuộc về Chị ... Chị #ThuPhương ##❤️#",Positive,Phuong Phuong,khác
"Mình thích bài hát Hà Nội 12 mùa hoa của nhạc sĩ Giáng Son với phần thể hiện của ca sĩ Thu Phương. Bài hát với những ca từ hết sức gần gũi, giản dị. Dù không phải là một người am hiểu chuyên sâu về âm nhạc nhưng khi lời bài hát vang lên mình lại nhớ tới những mùa hoa Hà Nội. Mỗi tháng Hà Nội lại tượng trưng cho một loại hoa khác nhau, đó cũng chính là đặc trưng, nét đẹp riêng của Hà Nội để mỗi chúng ta những người con sinh ra và lớn lên hay du khách đến thăm quan, những người đang làm việc và học tập tại Hà Nội dù đi xa vẫn luôn nhớ về Hà Nội.",Positive,Khánh Hòa Nguyễn,khác
Yêu em,Positive,Nguyễn Hùng,khác
Yêu chị <3,Positive,Trần James,khác
"Thả hồn vào những sắc hoa tươi đẹp của Hà Nội
12 tháng với 12 mùa hoa , mỗi mùa một mùi hương một ý nghĩa riêng. Cái cảm giác thanh bình, nồng nàn ấy. Mỗi khi nghe Hà Nội 12 mùa hoa tâm hồn tôi lại thổn thức như đang đắm chìm trong một rừng hoa vậy.
Tôi yêu những sắc hoa #❤❤",Positive,Aly Ngọc Lan,khác
Những mùa đông yêu dấu,Neutral,Que Tran,khác
Bối rối quá chọn bài nào đây,Neutral,Thanh Sơn,khác
"Chỉ đơn giãn khi nghe"" hà nội 12 mùa hoa"" của TP như đưa ta về lại cảm giác êm ả đắm chìm trong từng từng khoảng thời gian..  Nhờ giọng hát dày, ấm ấy như càng làm mỗi khúc hát thấm sâu vào con tim mỗi người khi nghe.. 
#yêu",Positive,Nguyễn QuỳnhAnh,khác
"12 mùa hoa đẹp, rất yêu, nhưng Mùa đông yêu dấu da diết, sâu lắng, đâm thẳng xuyên trái tim... ##❤️❤️ yêu cả 2 mv huhu",Positive,Lik Lee,khác
"LIKE/TYM để bình chọn, COMMENT ""tâm tư, tình cảm"" của bạn với MV bạn yêu, hoặc là với Thu Phương :3 <3  và SHARE để lan tỏa tình iu ấy và có cơ hội nhận PHẦN QUÀ HẤP DẪN NHẤT của MV Yêu Thích từ trước đến nay! <3
B1: Bình chọn bằng cách ấn LIKE hoặc THẢ TIM
B2: COMMENT lí do vì sao bạn chọn.
B3: SHARE lại video ở chế độ public kèm hashtag #mvyeuthich",Neutral,MV Yêu Thích,marketing/pr
"""Nhắc tôi rằng con tim rất ngây thơ 
Yêu một giây phút miệt mài 
Thương còn thương suốt đời... ""
Vâng, chỉ biết là mãi thương, mãi yêu con người ấy#❤️",Neutral,Phuong-Anh Pham,khác
Cám ơn bạn kỹ thuật của AOSmith sẽ liên hệ lại.,Neutral,A.O.Smith Việt Nam,khác
Chúc mừng niềm vui cụa êim,Neutral,Vũ Thủy,khác
Ôi em vui quá chế ạ! ;),Neutral,Tuyen Van Nguyen,khác
"# NƯỚC TINH KHIẾT GIÚP BẠN GIỮ DÁNG NHƯ THẾ NÀO? #

Nước tinh khiết không chỉ có tác dụng thanh lọc cơ thể, đào thải các độc tố,mà còn rất hiệu quả trong việc giữ dáng, giảm cân. Hãy cùng A.O.Smith Việt Nam tìm hiểu lợi ích của nước với việc giữ dáng của cơ thể bạn nhé:

# UỐNG NƯỚC TRƯỚC KHI ĂN: Đôi khi khát nước lại bị nhầm lẫn với đói. Nước cần thiết để cho các tế bào sử dụng các chất dinh dưỡng trong thực phẩm mà chúng ta ăn, khi thiếu lượng dinh dưỡng chính là nguyên nhân khiến cơ thể thèm ăn hơn. Do đó, uống nước trước bữa ăn khoảng 1 tiếng giúp chúng ta cảm thấy no hơn và kiểm soát sự thèm ăn. 

# NƯỚC LÀM SĂN CHẮC CƠ BẮP: Nếu các cơ của bạn bị mất nước, các cơ bắp của bạn sẽ dễ bị chảy sệ và nhão, do đó để có một cơ bắp rắn chắc ngoài việc tập luyện thể thao ra, các bạn phải bổ sung thật nhiều nước để đáp ứng đủ lượng nước trong cơ thể.

# UỐNG NƯỚC ĐỦ GIÚP CƠ THỂ KHÔNG BỊ Ứ NƯỚC: Nếu bạn lơ là trong việc cung cấp đủ lượng nước trong cơ thể, cơ thể bạn sẽ tự động tích trữ nước để bù vào lượng thiếu. Điều này chính là một trong những nguyên nhân chủ yếu khiến bạn bị tăng thêm vài kg.

# HỖ TRỢ GAN CHUYỂN HÓA CHẤT BÉO. Điều này rất quan trọng nếu bạn muốn giảm cân vì gan có tác dụng chuyển hóa chất béo. Để thực hiện điều này, gan cần một lượng nước lớn. Không uống đủ nước, gan sẽ tích trữ chất béo lại làm bạn rất khó giảm cân.

Hãy nhớ luôn uống NƯỚC TINH KHIẾT để đảm bảo an toàn, đồng thời không nên uống quá gần bữa ăn, vì nước sẽ làm loãng dịch vị tiêu hóa, khiến bạn ăn không ngon miệng.

--------------------

NẾU BẠN ĐANG TÌM MỘT NGUỒN NƯỚC TINH KHIẾT CHĂM SÓC GIA ĐÌNH, HÃY LIÊN HỆ NGAY VỚI CHÚNG TÔI:
☎ Tổng đài MIỄN PHÍ: 1800-1228
☎ Hotline: M.Bắc: 091 784 1228 - M.Trung/Nam: 093 467 1228.
☎ Website: http://aosmith.com.vn
HOẶC để lại số điện thoại/bình luận dưới đây, chúng tôi sẽ liên lạc ngay với bạn!

#aosmith #purewater #keepfit",Neutral,A.O.Smith Việt Nam,marketing/pr
0919142168,Positive,Lê Vân,báo giá
"Cám ơn bạn, chúng tôi sẽ liên hệ lại.",Neutral,A.O.Smith Việt Nam,khác
0908125678,Positive,Trinh Toan Nguyen,báo giá
"Cám ơn bạn, chúng tôi sẽ liên hệ lại.",Neutral,A.O.Smith Việt Nam,khác
01677010808,Positive,Duy Khanh Nguyen,báo giá
"Cám ơn bạn, chúng tôi sẽ liên hệ lại.",Neutral,A.O.Smith Việt Nam,khác
"*Máy lọc nước RO AR75-A-S-2 
iRO-EMS: Hệ thống giám sát điện tử thể hệ mới hiển thị cảnh báo thay thế lõi RO

Lõi lọc ROSS: Bản quyền Mỹ có tuổi thọ lên tới 3 năm

Vòi nước điện tử: Sang trọng và tiện nghi, với hệ thống cảnh báo thay thế lõi lọc được hiển thị ngay trên vòi đảm bảo cho gia đình bạn có một nguồn nước luôn tinh khiết và an toàn.

Màn hình LED: Hiển thị đầy đủ thông tin, giúp kiểm soát máy dễ dàng.

Thiết kế nhỏ gọn và tiện nghi: Phục vụ cho việc lắp đặt dưới chậu rửa, phù hợp với mọi gia đình, giúp nguồn nước của gia đình bạn luôn tinh khiết.
NẾU BẠN ĐANG TÌM MỘT NGUỒN NƯỚC TINH KHIẾT CHĂM SÓC GIA ĐÌNH, HÃY LIÊN HỆ NGAY VỚI CHÚNG TÔI:
#SHOWROOM MÁY LỌC NƯỚC A.O.SMITH 204 TRUNG KÍNH.
# Mở cửa tất cả các ngày trong tuần từ 8h đến 21h
☎ Hotline: 043.999.1456 / 0911836894
☎ Website: www.maylocnuocmy.com.vn
HOẶC để lại số điện thoại/bình luận dưới đây, chúng tôi sẽ liên lạc ngay với bạn!",Neutral,Showroom Máy Lọc Nước A.O.Smith 204 Trung Kính,marketing/pr
0983504080,Positive,Nguyễn Vĩnh Quang Huy,báo giá
"Ib cho mình chi tiết và giá nhé, mình đang đầu tư cho căn hộ CC",Positive,Nguyễn Viết Minh,báo giá
"Hai Nguyen Vâng bạn model lắp dưới chậu rửa AR75-A-S-1E có giá 7 triệu 650 nghìn (đã bao gồm vận chuyển và lắp đặt tại nhà).
Nếu cần tư vấn thêm bạn để lại số điện thoại hoặc gọi cho chúng tôi theo số: 0934671228. Cám ơn bạn. http://aosmith.com.vn/",Neutral,A.O.Smith Việt Nam,trả lời giá
"Cho mình xin giá bộ sản phẩm lọc này,nhòn yêu ngay",Positive,Co Rube,báo giá
"Model AR75-A-S-1E có giá 7 triệu 650 nghìn.
- Cảnh báo thay thế lõi lọc
- Trang bị công nghệ màng lọc RO – Side Stream tuổi thọ vượt trội lên tới 3 năm, giúp loại bỏ 99,99% kim loại nặng và virut – vi khuẩn có hại
- Màn hình LED: hiển thị đầy đủ thông tin, giúp kiểm soát máy dễ dàng.
- Lõi lọc RO – Side Stream bản quyền Mỹ có tuổi thọ lên tới 3 năm
- Thiết kế nhỏ gọn và tiện nghi.
- Vòi nước sang trọng chất liệu cao cấp đạt chuẩn tiêu dùng thực phẩm cấp độ 1.
Nếu cần tư vấn thêm bạn để lại số điện thoại hoặc gọi cho chúng tôi theo số: 0934671228. Cám ơn bạn. http://aosmith.com.vn/",Neutral,A.O.Smith Việt Nam,trả lời giá
"Cám ơn bạn hệ thống lọc tổng đầu nguồn này có 3 lựa chọn cho khách hàng: Bộ hoàn chỉnh cao cấp như ảnh bao gồm hệ thống bơm, hệ thống lọc và làm mềm nước cùng đèn UV diệt khuẩn có giá 126 triệu, các cấu hình khác rẻ hơn có giá từ 68 triệu đến 98 triệu. Quý khách hàng có nhu cầu tư vấn và lắp đặt máy lọc nước A. O. Smith vui lòng liên hệ các số Hotline của chúng tôi hoặc để lại số điện thoại chúng tôi sẽ liên hệ lại:
☎ Tổng đài MIỄN PHÍ: 1800-1228
☎ Miền Bắc: 091 784 1228
☎ Miền Trung/ Nam: 093 467 1228",Neutral,A.O.Smith Việt Nam,trả lời giá
Nếu đặt trc bể chứa thì có lắp thêm máy hút tăng áp hả. Giá nguyên bộ bao nhiêu vậy,Positive,Quang Tran,báo giá
0913753160,Positive,Hùng Viết Thái,báo giá
"Cho mình giá của máy AO Smith AR75 Asie, giá lắp tại TP. HCM nha.",Positive,Lan Nguyen,báo giá
"Nhìn thấy ok.
Nhưng khi sử dụng..?
Giá bao nhiêu?
Bảo hành....?",Positive,Thanh Tre,báo giá
"Cảm ơn bạn đã quan tâm tới các sản phẩm của A.O.Smith Việt Nam. Để nhận thông tin tư vấn thêm, bạn có thể liên hệ tới tổng đài miễn phí 1800-1228 hoặc để lại sđt, A.O.Smith sẽ liên lạc lại với bạn nhé. Cảm ơn bạn.",Neutral,A.O.Smith Việt Nam,khác
Bạn check inbox giúp mình nhé.,Neutral,Nước Uống Cho Con,khác
"Minh la tho, inbox minh gia nhe!",Positive,Vu Luong,báo giá
"Hệ thống nên được đặt sau bể chứa nước bạn nhé. 
Nếu bạn có nhu cầu tư vấn và lắp đặt máy lọc nước A. O. Smith vui lòng liên hệ các số Hotline của chúng tôi hoặc để lại số điện thoại chúng tôi sẽ liên hệ lại:
� Tổng đài MIỄN PHÍ: 1800-1228
� Miền Bắc: 091 784 1228
� Miền Trung/ Nam: 093 467 1228",Neutral,A.O.Smith Việt Nam,khác
cho mình hỏi hệ lọc này là lọc trước téc chứa hay từ téc chứa nước xuống hệ thống ak?,Neutral,Trung Hữu Trương,đặc tính
"Hằng ngày mỗi người cần cung cấp một lượng nước nhất định cho cơ thể ( khoảng 2 lít nước tinh khiết chưa kể nước được hấp thụ qua thức ăn ,rau quả ) vì nước là thành phần thiết yếu chiếm 70% trọng lượng cơ thể con người.Nước giúp loại bỏ chất thải, vận chuyển chất dinh dưỡng và làm đệm cho các khớp. Nước để uống phải là nước sạch ,nước có độ tinh khiết tối thiểu đảm bào con người có thể uống,hấp thu mà không gây hại cho cơ thể. Hiện nay công nghiệp phát triển,môi trường bị ô nhiễm nặng nề,môi trường nước cũng bị ảnh hưởng nghiêm trọng nhất là trong các thành phố lớn những dòng sông bị ngả màu nhuốm mùi nồng nặc,mạch nước ngầm bị nhiễm hóa chất,nhiễm chất thải gây hại đến sức khỏe con người ,gây ra các bệnh ung thư,truyền nhiễm,bệnh hô hấp,.. Máy lọc nước A.O.Smith là sự lựa chọn thông minh, lọc nước gia đình một cách an toàn ,thuận tiện, có nhiều chủng loại:máy lọc nước để bàn,máy lọc nước cây đứng,máy lọc nước không bình chứa,..đem đến sự tiện nghi cho gia đình bạn. Máy lọc nước A.O.Smith là sản phẩm chính hãng thương hiệu Mỹ áp dụng công nghệ tiến tiến nhất thế giới: công nghệ RO thẩm thấu ngược, công nghệ RO-side stream-màng lọc hiện đại ,hiệu suất cao,độ bền lâu. Những tính năng nổi trội của máy lọc nước AO Smith: -AO Smith giúp nâng cao biệu quả sử dụng nhờ công nghệ thẩm thấu ngược RO, độ bền cao gấp 1.5 lần so với màng lọc thông thường. - Màng lọc RO Side Stream ,AO Smith loại bỏ tối đa yếu tố kim loại nặng : Asen, chì, thủy ngân ,tạp chất một số khuẩn gây bệnh,kí sinh trùng trong nước. -Công suất máy lọc nước AO Smith cao,đáp ứng nhu cầu dùng lượng nước phục vụ cho cả gia đình trong mùa nắng nóng kéo dài. -Vòi nước điện tử tiện nghi, không tốn nhiều công sức khi sử dụng ,tiện lợi dễ dàng hơn. -Máy lọc nước AO Smith được thiết kế nhỏ gọn nhất có thể, không tốn diện tích. Hãy đến với chúng tôi ngay hôm nay để có chiếc máy lọc nước thông minh, có thể uống nước ngay tại vòi nhé cả nhà +2",Neutral,Huyen Mai Luong,marketing/pr
"Máy lọc nước Purite từ Unilever
₫2,019 - Ha Long, Quang Ninh

http://www.lazada.vn/may-loc-nuoc-pureit-tu-unilever-excella-4406739.html?offer_id=289&affiliate_id=149534&offer_name=VN+Deeplink+Generator_0&affiliate_name=B%E1%BB%87nh+vi%E1%BB%87n+Lao+v%C3%A0+Ph%E1%BB%95i+qu%E1%BA%A3ng+ninh&transaction_id=102e0dead59ec5df3515597f91ef6d&offer_ref=_xxvo0000000at0000&aff_source",Neutral,Thanh Hue,marketing/pr
Có nên mua máy lọc nước Pureit hay không? và nơi bán Máy lọc nước Pureit giá tốt bạn xem tại đây https://bloggiamgia.vn/may-loc-nuoc-pureit-co-tot-khong-co-nen-mua-may-loc-nuoc-pureit-cua-unilever-khong.html,Neutral,Hiếu Nguyễn,marketing/pr
"Giá của bình nước lộc này là bao nhiêu,,muốn mua e mua ơi đâu?",Positive,Hằng Nguyễn,báo giá
"Nhờ máy lọc nước Pure IT của Unilever mà nhà tôi đã bảo vệ sức khỏe và tiết kiệm rất nhiều tiền. Tôi đã ngưng và cắt đồng hồ nước. Tôi chuyển sang múc nước trên kênh Nhiêu Lộc, sau khi sử dụng máy lọc, nước rất thơm và ngọt",Neutral,Nguyen Long,marketing/pr
Dưới 30 bn,Neutral,Pham Chuong,khác
Hn có cửa hàng k bạn?,Positive,Đỗ Hà,Hỏi mạng lưới phân phối
"Chào bạn, giá bán trên thị trường của máy lọc nước Unilever Pureit là 2.390.000 đ bạn nhé!",Neutral,Unilever Pureit Vietnam,trả lời giá
"Chào bạn, thông thường mất 30-40 phút để lọc sạch 9 lít nước – cũng là công suất trữ nước của ngăn trong suốt. Ngăn bên trên của Máy lọc nước Unilever Pureit dòng Excella có công suất 9 lít và ngăn trong suốt có công suất 9 lít. Công suất này được thiết kế dựa trên nhu cầu của một gia đình điển hình, nước chỉ cần được cho đầy vào ngăn bên trên chỉ một lần một ngày. Tuy nhiên nếu cần nhiều hơn 9 lít nước trong một ngày, bạn có thể cấp nước vào ngăn bên trên thường xuyên khi cần thiết và lấy nước tương ứng ra khỏi ngăn trong suốt, nếu không nước sẽ tràn ra ngoài. Nước đã được lọc có thể uống trực tiếp không cần đun sôi lại nha bạn",Neutral,Unilever Pureit Vietnam,đặc tính
Cho ra bao nhieu lit nuoc / gio,Neutral,Cong Minh Tran,đặc tính
e can mua may alo cho e 0909601235,Positive,Khacthinh Doan,báo giá
Bao nhiêu bạn nhỉ,Positive,Hồ Minh Kỳ,báo giá
"Chào bạn, giá bán trên thị trường của máy lọc nước Unilever Pureit là 2.390.000 đ bạn nhé!",Neutral,Unilever Pureit Vietnam,trả lời giá
"Chào bạn, rất tiếc khi bạn gặp phải sự cố như trên. Pureit xin lưu ý cách lọc bỏ nước các lần đầu tiên: do cấu tạo của máy, ngăn 2 (ngăn giữa) luôn luôn chứa 6L để máy hoạt động, nên các lần lọc bỏ nước bạn vui lòng lọc bỏ nước ra ngoài ở cả 2 ngăn (ngăn 2 và ngăn 3 là ngăn lọc trong suốt dưới cùng) để hạn chế mùi Clo.

Bên cạnh đó, mùi vị nước sau khi lọc của Pureit có thể không giống với các nguồn nước khác gia đình bạn đang sử dụng, nhưng đã được kiểm nghiệm chất lượng hoàn toàn tốt và an toàn cho sức khỏe. Hi vọng qua các thông tin trên, bạn có thể hiểu và an tâm hơn về sản phẩm.",Neutral,Unilever Pureit Vietnam,đặc tính
"Dạ vâng, Bộ Lọc Diệt Khuẩn gồm có 4 thiết bị bên trong: Bộ Diệt Khuẩn, Bộ Đánh Bóng Các Bon, Màng Lọc Siêu Vi, Màng Lọc Cặn bạn nhé",Neutral,Unilever Pureit Vietnam,đặc tính
Vậy dân phải bỏ tiền ra mua thêm thay vì chính phủ phải là người chịu trách nhiệm?  Vì Nhân đạo hay vì tiền ? Thế ai nghèo là kệ đúng không?,Neutral,Ken Đặng Tấn Lộc,khác
Cho mình hỏi: theo như hướng dẫn là lọc 3 lần trước khi sử dụng. Vậy sao mình lọc gần chục lần mà nước vẫn cơ mùi như Clo vậy? Có thể tư vấn cho mình không ạ?,Negative,Cónhữngnỗibuồn Bắtnguồntừnỗinhớ,đặc tính
"Mot bo loc gom co nhung gi vay bạn, ban co the tu van gium minh dc ko.",Neutral,Chomchom Langgoi,đặc tính
"TRAO SỨC KHỎE TẶNG YÊU THƯƠNG VỚI PUREIT

Thời gian áp dụng 28/03/2017 đến ngày 30/03/2017

Tặng ngay bàn ủi Pensonic trị giá 350.000đ

Xem khuyến mại và mua hàng TẠI ĐÂY",Neutral,Thư viện 247 - Thư viện Cộng đồng online,marketing/pr
"Bạn có thể mua online tại Tiki, Lazada, Adayroi hoặc Vuivui ạ. Ngoài ra, bạn đang ở khu vực nào để Pureit có thể tư vấn rõ hơn địa chỉ tham khảo hàng trực tiếp?",Neutral,Unilever Pureit Vietnam,Trả lời mạng lưới phân phối
"Chào bạn, giá bán trên thị trường của máy lọc nước Unilever Pureit là 2.390.000 đ bạn nhé",Neutral,Unilever Pureit Vietnam,trả lời giá
"Chào bạn, Giá Bộ Lọc Diệt Khuẩn hiện tại là 350,000đ bạn nhé. Có thể mua online hoặc liên hệ đại lý gần nhất ạ",Neutral,Unilever Pureit Vietnam,trả lời giá
Đàm Quang Hiếu mua máy lọc nước mình xem loại này đc k?,Positive,Thuha Nguyen,khác
"Chào bạn, cám ơn bạn đã quan tâm tìm hiểu sản phẩm. Không biết bạn đang thắc mắc gì về Pureit ạ? Bạn có thể để lại SĐT hoặc gọi về số 0838236651 nhé!",Neutral,Unilever Pureit Vietnam,khác
bao nhieu tien mot cai vay,Positive,My Tra,báo giá
"Cho minh hoi, gia bo loc nuoc la bao nhieu vay, bao gia gup minh nha.",Positive,Chomchom Langgoi,báo giá
"người bạn cùng công ty của mình cũng mua máy này và kết quả test tương tự, như vậy mình cần đến đâu để đối chứng ạ, đây là kết quả mình test thực tế , Unilever có giải thích được nguyên nhân không?",Negative,Vương Huỳnh,đặc tính
May loc nuoc nay sau khi loc dung thiet bi TDS do ra chi so bao nhieu vay?,Neutral,Dong Kieu Toan,đặc tính
Phát Lữ Xuân Nên mua ko?,Positive,Lữ Tấn,khác
"Cám ơn bạn đã quan tâm và tìm hiểu sản phẩm Pureit. Hiện tại với dòng máy Excella có thể lọc sạch bụi bẩn, vi khuẩn và kim loại nặng trong nước từ các nguồn nước máy, nước mưa và nước giếng bạn nhé!",Neutral,Unilever Pureit Vietnam,khác
"Vâng, tại Bình Tân bạn có thể tham khảo hàng trực tiếp tại Aeon Bình Tân và Big C An Lạc bạn nhé!",Neutral,Unilever Pureit Vietnam,Trả lời mạng lưới phân phối
"Cho minh hoi, minh co the mua may o dau? Ben cty co cua hang ko, de minh co the qua xem va tim hieu them.",Positive,Phong Xuan Ngo,Hỏi mạng lưới phân phối
"Chào bạn, không biết bạn đang ở khu vực tỉnh thành nào để Pureit có thể tư vấn rõ địa điểm mua hàng trực tiếp ạ? Ngoài ra bạn có thể mua online tại Tiki, Lazada, Adayroi hoặc Vuivui bạn nhé",Neutral,Unilever Pureit Vietnam,Trả lời mạng lưới phân phối
"Chào bạn, công suất có thể lọc khoảng 3000l nước theo tiêu chuẩn, nhưng tùy thuộc vào lượng tạp chất phải lọc trong nguồn nước mà thời gian máy báo đỏ sẽ chênh lệch nhau. Ví dụ như nguồn nước tại nhà bạn có nhiều kim loại năng hơn thì thời gian thay bộ lọc cũng sẽ nhanh hơn.
Nhưng bạn có thể an tâm vì máy sẽ báo đỏ khi đến thời gian bạn thay bộ lọc. Giá của bộ lọc khi thay mới là 350.000 bạn nhé.",Neutral,Unilever Pureit Vietnam,đặc tính
"Chào bạn, Pureit cám ơn bạn đã quan tâm và tìm hiểu sản phẩm. Pureit với quy trình tích hợp 5 bước lọc ưu việt có thể lọc sạch hoàn toàn bụi bẩn, vi khuẩn và kim loại nặng trong nước bạn nhé.",Neutral,Unilever Pureit Vietnam,khác
"Chào bạn, Công suất có thể lọc khoảng 3000l nước theo tiêu chuẩn, nhưng tùy thuộc vào lượng tạp chất phải lọc trong nguồn nước mà thời gian máy báo đỏ sẽ chênh lệch nhau. Ví dụ như nguồn nước tại nhà bạn có nhiều kim loại năng hơn thì thời gian thay bộ lọc cũng sẽ nhanh hơn.
Nhưng bạn có thể an tâm vì máy sẽ báo đỏ khi đến thời gian bạn thay bộ lọc. Giá của bộ lọc khi thay mới là 350.000 bạn nhé.",Neutral,Unilever Pureit Vietnam,đặc tính
"A. Vi khuẩn và ký sinh trùng
<3 Pureit <3",Neutral,Phuong Tang,khác
toi khong thi nhung muon dat mua sdt 0916151038,Positive,Kim Bong Dang,báo giá
http://www.khuyenmaioffers.com/offer/may-loc-nuoc-gia-dinh-unilever-pureit-excella-tang-ban-ui-hoi-nuoc-pensonic,Neutral,LeoAnh Lê,marketing/pr
"Ngoc Nhu Phan rất tiếc hiện tại Pureit chưa thể mua hàng qua điện thoại. Bạn có thể làm theo hướng dẫn trên để mua máy nhé, cũng đơn giản thôi ạ!",Neutral,Unilever Pureit Vietnam,khác
Xin gởi bạn thông tin các tổ chức Pureit được kiểm nghiệm ạ,Neutral,Unilever Pureit Vietnam,khác
"Chào bạn, rất cám ơn bạn đã tìm hiểu và quan tâm sản phẩm. Nguồn nước sau khi lọc từ Pureit đã được kiểm nghiệm bởi 35 tổ chức kiểm định quốc tế và cam kết lọc sạch bụi bẩn, vi khuẩn và kim loại nặng có trong nước bạn nhé",Neutral,Unilever Pureit Vietnam,khác
"mình đo sau khi dùng máy bị tăng chỉ số ppm (nồng độ chất rắn) sau khi lọc (nước máy là 55, qua máy này là 70) nên nghi ngờ có nên xài tiếp không nữa.",Negative,Vương Huỳnh,đặc tính
Máy này bao nhiêu tiền,Positive,Tai Pham,báo giá
"Máy lọc nước Kangaroo 9 lõi vỏ tủ VTU KG109 -\-\-\-\-\-\-\-\-\-\-\-\-\-\-\-\-\-\-\-\-\-\-\-\-\-\-\-\-\-\-\-\-\-\-\-\-\-\-\-\-\-\-\-\-\-\-\-\-\-\-\-\-\-\-\-\-\-\-\-\-\-\-\-\-\-\-\-\-\-\-\-\-\-\-\-\-\-\-\-\-\-\-\-\-\-\-\-\-\-\-\-\-\-\ 1. Đặc tính sản phẩm Máy lọc nước KG109 vỏ tủ vertu có đầy đủ chức năng của KG109, vỏ tủ vertu làm bằng tôn sơn tĩnh điện và mặt kính cường lực với cửa sổ thanh hơn, tôn sơn tĩnh điện chống oxy hóa, cứng và ổn định hơn. Kính cường lực giúp cho việc vệ sinh trở nên dễ dàng. Toàn bộ các chi tiết đều được dập 3D logo của hãng. Màu sắc sản phẩm sang trọng và phù hợp với thiết kế nội thất của gia đình. •​ Công suất > 10 lít/giờ, 09 lõi, màu xanh tím than • Lõi ORP (lõi số 9) cho kết quả pH cao (9.28), và điện giải rất thấp (-256mV) khiến nước đầu ra trở thành đồ uống lý tưởng cho sức khỏe con người. • Lõi ORP Tăng điện giải, ngăn chặn lão hóa, giải độc cơ thể, tăng cường miễn dịch, phòng ngừa ung thư • Lõi lọc từ đá thiên nhiên Maifan (lõi số 8) có tính dược bổ sung các tính chất từ thiên nhiên cho nước, tăng cường sức đề kháng cho cơ thể. Đá Maifan có tính dược nên được ứng dụng để chữa bệnh về da liễu, tiêu hóa, thần kinh, mất ngủ • 9 cấp lọc Công suất 10-15Lit/giờ. • Màng R.O Filmtec made in U.S.A với công nghệ diệt khuẩn NANO SILVER, tạo khoáng, tạo oxy, cân bằng độ PH, loại bỏ vi khuẩn trong nước. • Ngăn chặn bùn đất rỉ sét, các tạp chất trong nước. • Ngăn chặn vi khuẩn. • Loại bỏ độc tố và các chất gây ung thư, viêm da. • Khử mùi, làm mềm nước. • Tăng oxy hòa tan trong nước, chống lão hóa và ngăn ngừa khô da. • Trung hòa axit dư thừa, làm mềm nước, cân bằng độ PH • Nước qua hệ thống lọc của Máy lọc nước Kangaroo tinh khiết và có thể uống ngay mà không cần đun sôi. • Tự động lọc nước. • Tự động Rửa màng RO trước khi lọc nước • Tự động dừng khi thiếu nước. • Ngừng Hoạt động khi bình nước đầy, tránh lãng phí điện. Tự động xả nước thải. • Máy lọc nuớc cấu tạo nhỏ gọn, đẹp và sang trọng, tiết kiệm điện. • Sản phẩm có nhiều mẫu mã, chủng loại. • Sản phẩm bảo hành toàn bộ phần điện: 12 tháng",Neutral,Nguyễn Thị Hoa,marketing/pr
"₫1 Hà Đông, Hà Nội Chào hè 2017: maylocnuocgiadinh.com đưa ra chương trình khuyến mại đặc biệt Thay lõi lọc nước tại nhà ,giao lõi lọc nước tại nhà với giá ưu đãi: Bộ lõi lọc nesca chính hãng 150k tặng thêm lõi số 1 trị giá 35k Bộ lõi lọc Kangaroo chính hãng 280k tặng thêm lõi số 1 trị giá 70k Bộ lõi lọc Karofi chính hãng 265k tặng thêm lõi số 1 trị giá 60k",Neutral,Văn Dương,khác
"₫50,000 CHÀO CẢ NHÀ! HIỆN TẠI CHÚNG EM CUNG CẤP DỊCH VỤ THAY THẾ LÕI LỌC NƯỚC TẠI NHÀ VỚI GIÁ CẢ PHẢI CHĂNG, BẢO HÀNH DÀI HẠN, NGOÀI RA CHÚNG EM CÒN CUNG CẤP LẮP ĐẶT MÁY LỌC NƯỚC, XỬ LÝ NƯỚC NHIỄM SẮT, CANXI, MAGAN.... QTMART HỆ THỐNG CỬA HÀNG MÁY LỌC NƯỚC Địa chỉ 1: Số 69 | Lai Xá | Kim Chung | Hoài Đức | Hà Nội Địa chỉ 2: Xóm 14 | Thái Thịnh | Thái Thụy | Thái Bình Địa chỉ 3: Đồng Xá | Đông Thành | Vân Đồn | Quảng Ninh Điện thoại: 046 2939 769 | 0868 21 6969 | Mua hàng - CSKH: 046 2939 769 hoặc 0996 15 8686 Email: qtmart.com.vn@gmail.com Website: http://www.qtmart.com.vn Giá thay thế lõi lọc nước tại nhà 50k kangaroo 123 giá không tưởng 200k karofi 123 giá không tưởng 170k và nhiều chương khuyến mại ko tưởng nữa Máy lọc nước kangaroo 8 cấp chỉ từ 3.880k Máy lọc nước iroma 8 cấp chỉ từ 3.500k Máy lọc nước karofi 8 cấp chỉ từ 3.650k #qtmart.com.vn, # máy lọc nước hà nội, #máy lọc nước lai xá, +4",Neutral,Quyet Iroma,khác
"BẠN ĐÃ SẴN SÀNG UỐNG NƯỚC TRỰC TIẾP CÙNG KANGAROO CHƯA?! Thật tiện lợi nếu trong gia đình có một chiếc máy lọc nước cho ra nước uống trực tiếp từ vòi phải không nào? Tuy nhiên, không phải nước sau lọc của máy lọc nước nào cũng có thể uống trực tiếp đâu các bạn nhé. Tại Việt Nam, QCVN6-1:2010/BYT là quy chuẩn cao nhất để đánh giá máy lọc nước cho Nước uống trực tiếp. Vậy, Máy lọc nước được chứng nhận cấp nước uống trực tiếp cần phải: Trải qua quy trình kiểm nghiệm nghiêm ngặt của Viện sức khỏe nghề nghiệp và môi trường thuộc Bộ Y tế Việt Nam, gồm 5 bước, trong đó có 2 bước quan trọng là : Đánh giá hiệu quả xử lý nước ban đầu & Đánh giá giám sát trong quá trình sử dụng Đảm bảo máy lọc nước đáp ứng được cho các nguồn nước cấp đầu vào khác nhau. Cụ thể là nước cấp vào máy lọc sẽ được pha thêm hàm lượng chất ô nhiễm cao hơn nhiều lần so với hàm lượng cho phép (tối thiểu là 10 lần). Sau đó, nếu nước đầu ra đạt QCVN6-1 thì máy lọc nước đó mới được cấp chứng nhận cấp nước uống trực tiếp theo QCVN 6:1-2010/BYT. Viện sức khỏe nghề nghiệp và môi trường lấy mẫu nước đầu ra của một số máy đang được bà con sử dụng để kiểm nghiệm lại. Nếu bất kỳ máy nào của hãng không đạt thì sẽ bị tước bỏ chứng nhận, và công khai kết quả trên website của Viện. Hãy tiêu dùng sản phẩm chất lượng, vì sức khỏe của bản thân và gia đình bạn nhé! -\-\- Kangaroo là hãng máy lọc nước đầu tiên tại Việt Nam tiên phong kiểm định và đạt Quy chuẩn QCVN6-1:2010/BYT, đảm bảo an toàn cho người tiêu dùng khi uống trực tiếp. Quý khách hàng cần tư vấn hoặc tìm hiểu thông tin về Máy lọc nước kangaroo vui lòng liên hệ Hotline 0975289160 .",Neutral,Kangaroo Hai Phong,marketing/pr
"₫50,000 Thái Bình, Thái Bình, Vietnam CHÀO CẢ NHÀ! HIỆN TẠI CHÚNG EM CUNG CẤP DỊCH VỤ THAY THẾ LÕI LỌC NƯỚC TẠI NHÀ VỚI GIÁ CẢ PHẢI CHĂNG, BẢO HÀNH DÀI HẠN, NGOÀI RA CHÚNG EM CÒN CUNG CẤP LẮP ĐẶT MÁY LỌC NƯỚC, XỬ LÝ NƯỚC NHIỄM SẮT, CANXI, MAGAN.... QTMART HỆ THỐNG CỬA HÀNG MÁY LỌC NƯỚC Địa chỉ 1: Số 69 | Lai Xá | Kim Chung | Hoài Đức | Hà Nội Địa chỉ 2: Xóm 14 | Thái Thịnh | Thái Thụy | Thái Bình Địa chỉ 3: Đồng Xá | Đông Thành | Vân Đồn | Quảng Ninh Điện thoại: 046 2939 769 | 0868 21 6969 | Mua hàng - CSKH: 046 2939 769 hoặc 0996 15 8686 Email: qtmart.com.vn@gmail.com Website: http://www.qtmart.com.vn Giá thay thế lõi lọc nước tại nhà 50k kangaroo 123 giá không tưởng 200k karofi 123 giá không tưởng 170k và nhiều chương khuyến mại ko tưởng nữa Máy lọc nước kangaroo 8 cấp chỉ từ 3.880k Máy lọc nước iroma 8 cấp chỉ từ 3.500k Máy lọc nước karofi 8 cấp chỉ từ 3.650k #qtmart.com.vn, # máy lọc nước hà nội, #máy lọc nước lai xá, +4",Neutral,Quyet Iroma,khác
"Cây nước nóng lạnh Kangaroo Kg41 W được nhiều văn phòng công ty cũng như các hộ gai đình lựa Chọn Sữa Cho Con

Với ưu điểm gọn, màu sắc nhẹ nhàng, giá thành hợp lý. Đặc biệt thiết kế tiện dụng với khoang để cốc chén tiện dụng và có cánh bảo vệ  phần vòi phía trên  giúp tránh được bui bẩn. Dưới đây là hình ảnh cây nước nóng lạnh Kangaroo KG 41W lắp đặt tại Công ty TNHH Chìa khóa Vàng  tại đường Láng.

 

Anh Nam đặt mua sản phẩm cho hay "" Anh rất hài lòng về cây nước nóng lạnh Kangaroo KG 41W đã đặt mua tại Kangaroo 83 Láng Hạ. Cây nước cũng tiện dụng không phải sử dụng ấm siêu tốc để đun nước pha trà hay dùng bình ủ đá để dùng vào mùa hè nữa. Giá cả cũng ok.""",Neutral,Máy Lọc Nước Kangaroo,marketing/pr
"Osaka Việt Nam chuyên cung cấp sản phẩm máy lọc nước 100% hàng chính hãng
- Thay thế, sửa chữa, bảo dưỡng máy lọc nước karori, kangaroo, htech,.. uy tín, chất lượng đảm bảo. Khi lắp đặt, sữa chữa xong được đo nước miễn phí hoàn toàn
Chương trình thay lõi 1,2,3  karofi giá hấp dẫn từ 350k nay chỉ còn 200k thôi.
- Tư vấn lắp đặt, sữa chữa máy liên hệ hotline 0988999537/ 0981983886
WEB: maylocnuocthongminh.com
page: máy lọc nước thông minh",Neutral,Máy lọc nước thông minh,khác
"[ Góc Chia Sẻ ]. Mong mọi người ủng hộ bạn mình. +2 Chín Inch Ruoi 6 new photos Lam Son Thanh Mien Hai Duong Hải Dương Cửa hàng Gas-Bếp Gas LÊ THUẤN xin chân trọng Thông báo : Bắt đầu từ ngày 01/04/17: để đáp ứng nhu cầu của khách hàng, và để đa dạng hoá các sản phẩm . Chúng tôi mở rộng thêm các mặt hàng: Bình nóng lạnh chạy điện chạy gas. Máy hút mùi, và đặc biệt là máy lọc nước phục vụ hè với các thương hiệu nổi tiếng: KaroFi. Taka. Panasonic. Kangaroo. Và nhiều thương hiệu khác. Chúng tôi chuyên cung cấp các loại bếp Gas. Bếp du lịch. Bếp đơn. Bình mini. Các loại đèn khò gas. Các loại bếp của các hãng thương hiệu và nổi tiếng trên thị trường. Chúng toi có các dòng bếp nhập khẩu nguyên chiếc Từ Italy và Nhật ( Rinnai. Toji. Paloma) Hãy đến với chúng tôi để được tư vấn mua hàng đúng giá đúng chất lượng . Rất mong được sự ủng hộ của quý khách. Địa chỉ: 192 Nguyễn Lương Bằng. Thị trấn Thanh Miện. Sđt: 0914.348.229 or 0965.136.078",Neutral,Ngọc Đặng,marketing/pr
"Cửa hàng Gas-Bếp Gas LÊ THUẤN xin chân trọng Thông báo :                Bắt đầu từ ngày 01/04/17: để đáp ứng nhu cầu của khách hàng, và để đa dạng hoá các sản phẩm . Chúng tôi mở rộng thêm các mặt hàng: Bình nóng lạnh chạy điện chạy gas. Máy hút mùi, và đặc biệt là máy lọc nước phục vụ hè với các thương hiệu nổi tiếng: KaroFi. Taka. Panasonic. Kangaroo. Và nhiều thương hiệu khác. Chúng tôi chuyên cung cấp các loại bếp Gas. Bếp du lịch. Bếp đơn. Bình mini. Các loại đèn khò gas. Các loại bếp của các hãng thương hiệu và nổi tiếng trên thị trường. Chúng toi có các dòng bếp nhập khẩu nguyên chiếc Từ Italy và Nhật ( Rinnai. Toji. Paloma) Hãy đến với chúng tôi để được tư vấn mua hàng đúng giá đúng chất lượng . Rất mong được sự ủng hộ của quý khách. Địa chỉ: 192 Nguyễn Lương Bằng. Thị trấn Thanh Miện. Sđt: 0914.348.229 or 0965.136.078 +2",Neutral,Chín Inch Ruoi,marketing/pr
"Máy lọc nước RO, kangaroo,karofi,máy lọc nano Geyser không dùng điện các loại nhập khẩu tại Nga. hàng công ty chính hãng , giá rẻ . Cung cấp lõi lọc và thay lõi lọc tại nhà . Bảo hành 3 năm . Vận chuyển lắp đặt tại nhà .cmt hoặc ib e báo giá tốt ạ . Lh : 0982283054 để được tư vấn",Neutral,Nga Ngố Tóc Xù,marketing/pr
"₫1 Hà Nội Máy lọc nước RO, kangaroo,karofi,máy lọc nano Geyser không dùng điện các loại nhập khẩu tại Nga. hàng công ty chính hãng , giá rẻ . Cung cấp lõi lọc và thay lõi lọc tại nhà . Bảo hành 3 năm . Vận chuyển lắp đặt tại nhà .cmt hoặc ib e báo giá tốt ạ . Lh : 0982283054 để được tư vấn",Neutral,Nga Ngố Tóc Xù,marketing/pr
"# Karofi - tinh khiết đến từng giọt cuối cùng Máy lọc nước Karofi K7I-1 cung cấp nước sạch cho sinh hoạt mang lại sự an toàn khi sử dụng, loại bỏ các loại vi khuẩn Asen, Amip…đảm bảo sức khỏe cho gia đình. Bạn có thể sử dụng ngay mà không cần đun sôi. Với những nguồn nước thông thường, lõi tạo vị giúp cân bằng và ổn định lại vị ngọt tự nhiên cho nước Giá khuyến mại chỉ 5.990.000đ - tặng bộ 3 lõi lọc và nồi cơm điện Kangaroo Tham khảo chi tiết: https://goo.gl/FuF7Bf -----------------HC---------------- Hotline 18001788 (miễn phí) Website: https://hc.com.vn/",Neutral,HC Homecenter,marketing/pr
"₫1 Hà Nội Máy lọc nước RO, kangaroo,karofi, hàng công ty chính hãng , giá rẻ . Cung cấp lõi lọc và thay lõi lọc tại nhà . Bảo hành 3 năm . Vận chuyển lắp đặt tại nhà .cmt hoặc ib e báo giá tốt ạ . Lh : 0982283054 để được tư vấn",Neutral,Nga Ngố Tóc Xù,marketing/pr
"Máy lọc nước RO, kangaroo,karofi, hàng công ty chính hãng , giá rẻ . Cung cấp lõi lọc và thay lõi lọc tại nhà . Bảo hành 3 năm . Vận chuyển lắp đặt tại nhà .cmt hoặc ib e báo giá tốt ạ . Lh : 0982283054 để được tư vấn +2",Neutral,Nga Ngố Tóc Xù,marketing/pr
"₫1 Hà Nội Máy lọc nước RO, kangaroo,karofi, hàng công ty chính hãng , giá rẻ . Cung cấp lõi lọc và thay lõi lọc tại nhà . Bảo hành 3 năm . Vận chuyển lắp đặt tại nhà .cmt hoặc ib e báo giá tốt ạ . Lh : 0982283054 để được tư vấn +2",Neutral,Nga Ngố Tóc Xù,marketing/pr
"₫1 Hà Nội Máy lọc nước RO, kangaroo,karofi, hàng công ty chính hãng , cam ket gia re .Vận chuyển lắp đăt tại nhà cmt e báo giá ạ .0982283054",Neutral,Nga Ngố Tóc Xù,marketing/pr
"máy lọc nước
₫1 - Hà Nội

Máy lọc nước RO, kangaroo,karofi, hàng công ty chính hãng , cam ket gia re .Vận chuyển lắp đăt tại nhà cmt e báo giá ạ .0982283054",Neutral,Nga Ngố Tóc Xù,marketing/pr
"₫1 Hà Nội Máy lọc nước RO, kangaroo,karofi, hàng công ty chính hãng , cam kết giá rẻ . Vận chuyển lắp đăt tại nhà cmt e báo giá ạ .0982283054",Neutral,Nga Ngố Tóc Xù,marketing/pr
"₫1 Hà Nội Máy lọc nước RO, kangaroo,karofi, thay lõi lọc cũ , hàng công ty chính hãng , giá rẻ hà nội . Vận chuyển lắp đăt tại nhà cmt e báo giá ạ .0982283054",Neutral,Nga Ngố Tóc Xù,marketing/pr
"Máy lọc nước RO, kangaroo,karofi, hàng công ty chính hãng , giá rẻ nhất hà nội . Vận chuyển lắp đăt tại nhà cmt e báo giá ạ .0982283054",Neutral,Nga Ngố Tóc Xù,marketing/pr
"Máy lọc nước RO, kangaroo,karofi, hàng công ty chính hãng , giá rẻ nhất .Vận chuyển lắp đăt tại nhà cmt e báo giá ạ .0982283054",Neutral,Nga Ngố Tóc Xù,marketing/pr
"₫1 Hà Nội Máy lọc nước RO, kangaroo,karofi, hàng công ty chính hãng , giá rẻ nhất . Vận chuyển lắp đăt tại nhà cmt e báo giá ạ .0982283054",Neutral,Nga Ngố Tóc Xù,marketing/pr
"Máy lọc nước RO, kangaroo,karofi, hàng công ty chính hãng , giá rẻ nhất hà nội . Vận chuyển lắp đăt tại nhà cmt e báo giá ạ .0982283054",Neutral,Bình Nước Nóng,marketing/pr
"máy lọc nước
₫1 - Hà Nội

Máy lọc nước RO, kangaroo,karofi, hàng công ty chính hãng , giá rẻ nhất hà nội . Vận chuyển lắp đăt tại nhà cmt e báo giá ạ .0982283054",Neutral,Nga Ngố Tóc Xù,marketing/pr
"₫1 Hà Nội Máy lọc nước RO, kangaroo,karofi, hàng công ty chính hãng , giá rẻ nhất hà nội . Vận chuyển lắp đăt tại nhà cmt e báo giá ạ .0982283054",Neutral,Nga Ngố Tóc Xù,marketing/pr
"máy lọc nước
₫1 - Hà Nội

Máy lọc nước RO, kangaroo,karofi, hàng công ty chính hãng , giá rẻ nhất hà nội . Vận chuyển lắp đăt tại nhà cmt e báo giá ạ .0982283054",Neutral,Nga Ngố Tóc Xù,marketing/pr
"GOLDSILK COMPLEX NHẬN NHÀ Ở NGAY VỚI CHÍNH SÁCH, VÀ QUÀ TẶNG KHỦNG Chi tiết dự án Khu vực: Bán căn hộ chung cư tại Goldsilk Complex - Quận Hà Đông - Hà Nội Giá: 1.75 tỷ Diện tích: 68m² ✏✏✏Thông tin mô tả Lễ mở bán căn hộ GoldSilk Complex ngày 01/04/2017. 0914819785  Đặc biệt để tri ân khách hàng đặt cọc từ nay đến 1/4 sẽ được tặng ngay một tivi Led full HD 43"" 8.0000.000 đ(Tám triệu đồng). Và cơ hội trúng. Giải đặc biệt: 01 xe máy lead trị giá 40tr, Giải nhất: Một máy giặt lồng ngang trị giá 7tr. VÀ rất nhiều phần quà có giá trị như. Máy lọc nước Kangaroo. 2 phần quà trị giá 500.000đ. Cho các khách đặt cọc và tham gia buổi mở bán ngày 1/4/2017. Vị trí: Tọa lạc tại quê lụa với bề dày hang ngàn năm lịch sử, mảnh đất địa linh nhất kiệt Vạn Phúc. Về chất lượng công trình: Được thi công bởi Conteccons, nhà thầu cơ điện Hawee – những đơn vị thi công nổi tiếng, chất lượng thi công đã được kiểm chứng qua rất nhiều công trình đã và đang hoạt động tại khắp cả nước. Về tiến độ: Dự án đã thi công xong phần thô, đang trong quá trình hoàn thiện. Sẽ bàn giao các căn hộ đợt đầu tiên vào 31/5/2017, đợt 2 vào 31/8/2017. Về thiết kế: Thiết kế theo tiêu chuẩn châu âu với các căn hộ 2-4 phòng ngủ, diện tích đa dạng 68-128m2, các phòng đều thông thoáng tràn ngập ánh sáng tự nhiên, sẽ mang tới cho gia đình bạn thoải mái nhất sau một ngày làm việc căng thẳng…. Đơn vị quản lý tòa nhà là Savills, một trong những đơn vị quản lý tốt nhất hiện nay. Đầy đủ các tiện ích: Trung tâm thương mại, gym, spa, phòng chăm sóc sức khỏe, bể bơi ngoài trời rộng 250m2…. Liên hệ ngay Mr Duy : 0914819785 +5 Chung Cư Hà Nội 8 new photos GOLDSILK COMPLEX NHẬN NHÀ Ở NGAY VỚI CHÍNH SÁCH, VÀ QUÀ TẶNG KHỦNG Chi tiết dự án Khu vực: Bán căn hộ chung cư tại Goldsilk Complex - Quận Hà Đông - Hà Nội Giá: 1.75 tỷ Diện tích: 68m² ✏✏✏Thông tin mô tả Lễ mở bán căn hộ GoldSilk Complex ngày 01/04/2017. 0914819785  Đặc biệt để tri ân khách hàng đặt cọc từ nay đến 1/4 sẽ được tặng ngay một tivi Led full HD 43"" 8.0000.000 đ(Tám triệu đồng). Và cơ hội trúng. Giải đặc biệt: 01 xe máy lead trị giá 40tr, Giải nhất: Một máy giặt lồng ngang trị giá 7tr. VÀ rất nhiều phần quà có giá trị như. Máy lọc nước Kangaroo. 2 phần quà trị giá 500.000đ. Cho các khách đặt cọc và tham gia buổi mở bán ngày 1/4/2017. Vị trí: Tọa lạc tại quê lụa với bề dày hang ngàn năm lịch sử, mảnh đất địa linh nhất kiệt Vạn Phúc. Về chất lượng công trình: Được thi công bởi Conteccons, nhà thầu cơ điện Hawee – những đơn vị thi công nổi tiếng, chất lượng thi công đã được kiểm chứng qua rất nhiều công trình đã và đang hoạt động tại khắp cả nước. Về tiến độ: Dự án đã thi công xong phần thô, đang trong quá trình hoàn thiện. Sẽ bàn giao các căn hộ đợt đầu tiên vào 31/5/2017, đợt 2 vào 31/8/2017. Về thiết kế: Thiết kế theo tiêu chuẩn châu âu với các căn hộ 2-4 phòng ngủ, diện tích đa dạng 68-128m2, các phòng đều thông thoáng tràn ngập ánh sáng tự nhiên, sẽ mang tới cho gia đình bạn thoải mái nhất sau một ngày làm việc căng thẳng…. Đơn vị quản lý tòa nhà là Savills, một trong những đơn vị quản lý tốt nhất hiện nay. Đầy đủ các tiện ích: Trung tâm thương mại, gym, spa, phòng chăm sóc sức khỏe, bể bơi ngoài trời rộng 250m2…. Liên hệ ngay Mr Duy : 0914819785",Neutral,Pi Eo,khác
Máy lọc nước tinh khiết Ro kangaroo karofi Tân á đại thành-@@@- Tiến Phát 141 Vĩnh Hưng @0988278907 @0972671322 @!!!,Neutral,Vu Tien Chinh,marketing/pr
